safedr_action,count,percentage
Auto-grade,269,0.4890909090909091
Clinician Review,268,0.48727272727272725
Routine Referral,8,0.014545454545454545
Urgent Referral,5,0.00909090909090909
