safedr_action,count,percentage
Clinician Review,288,0.5245901639344263
Auto-grade,249,0.453551912568306
Routine Referral,8,0.014571948998178506
Urgent Referral,4,0.007285974499089253
